,poids
txt_donnees,0.3407725690370178
nb_car_sujets,0.327429387269907
nb_mots_defis,0.2949336755645191
txt_learning,0.2611710120189864
txt_formation,0.23413225811180824
temoignage,0.22281143230376668
txt_domaine,0.20202729856498364
pays_autre,0.19770288250806714
txt_introduction,0.18604626031374003
nb_car_merite,0.18559445057229082
txt_connaissances,0.18484072671292243
txt_atteindre,0.1779129193454273
txt_intelligence,0.16621754945328462
txt_datacamp,0.15829628195681666
txt_developper,0.14604841278268788
txt_bourse,0.1413928302827763
txt_objectif,0.13517923397927892
nb_car_objectifs,0.12635334237478804
parents_niveau,0.12076786603372415
sit_donnees_env_sante,0.12060670607127578
txt_sql,0.11976714438197107
txt_data,0.10377023174272951
txt_apprendre,0.09892569703678539
deja_datacamp,0.09663339042091036
txt_ia,0.08670189494881417
sit_sous_emploi,0.08558062338326317
txt_fin,0.08250238576678845
pays_maroc,0.0815111511281029
txt_bi,0.07678771620543863
txt_acces,0.07591046438352056
sit_sous_seuil_pauvrete,0.06604297300267661
avancement_academique,0.05579112133059747
txt_projets,0.04756961874719856
txt_cours,0.04603232714481881
net_donnees_mobiles,0.044670623621072034
txt_opportunite,0.03493519450466015
app_appareil_autre,0.0316439031740733
txt_acquerir,0.030747129427961442
app_nombre,0.030560736270105218
a_un_poste,0.02794838174970644
net_internet_d_un_ami,0.017805033806545526
app_mobile,0.017259729846019988
temps_hebdo,0.015663747284843967
pays_togo,0.011922260686159048
pays_senegal,0.011317002352290216
nb_mots_merite,0.010878049602195248
app_ordi_partage,0.01047609536902415
aide_aucune,0.005842662394973605
app_ordi_propre,0.005283228512502305
net_wi_fi_public_ecole,0.0026457363769715647
txt_competences,0.0019984260227126397
aide_commentaire,0.0005627055578602279
txt_annee,-0.0009548713314900596
pays_cote_d_ivoire,-0.002575717405599879
doc_justificatif,-0.003139082852887668
sit_refugie,-0.008464223548555933
vide_sujets,-0.01326750022219712
aide_nombre,-0.02737104919234756
net_mon_propre_internet,-0.02937130762665602
txt_les,-0.04037942150184596
pays_cameroun,-0.041363421333430524
txt_professionnel,-0.046954769692436706
vide_merite,-0.04764502448591592
vide_objectifs,-0.04764502448591592
vide_defis,-0.04764502448591592
txt_professionnels,-0.05041702932057749
txt_apprentissage,-0.0546942622835254
txt_python,-0.05677978887947419
txt_defis,-0.059525922965849076
net_je_ne_suis_pas_sur,-0.06114191762783953
sit_nombre,-0.0645803709355184
sit_etudiant_16_26,-0.06602592868062925
nb_mots_total,-0.06637718813654742
txt_objectifs,-0.06648910376313771
txt_ressources,-0.06840302549297983
txt_merite,-0.07874864998340274
sit_sans_emploi,-0.0830460731223765
txt_permettra,-0.0837110094885361
niveau_datascience,-0.09017288157835666
sit_aucune_categorie,-0.0975936247984896
pays_benin,-0.10747012284560649
pays_burkina_faso,-0.10948023926445752
txt_souhaite,-0.1128463461814585
txt_science,-0.11389708184492695
age,-0.11645010628763856
pays_congo,-0.118016130883537
txt_analyse,-0.11952633228517491
a_un_employeur,-0.1606246014050987
txt_artificielle,-0.16504052618980317
nb_car_defis,-0.17885645215567755
sit_handicap_ou_defavorise,-0.237070328657698
txt_machine,-0.25767276490695257
nb_mots_sujets,-0.27460211491770536
nb_mots_objectifs,-0.35468806780539297
