Submission ID,Respondent ID,Submitted at,Laquelle de ces options vous décrit le mieux ?, Comment décririez-vous votre situation actuelle ? Veuillez cocher TOUTES les cases qui s'appliquent. (Sans emploi)," Comment décririez-vous votre situation actuelle ? Veuillez cocher TOUTES les cases qui s'appliquent. (Sous-employé (salaire trop bas, pas assez d'heures, etc.))", Comment décririez-vous votre situation actuelle ? Veuillez cocher TOUTES les cases qui s'appliquent. (Vivant sous le seuil de pauvreté national), Comment décririez-vous votre situation actuelle ? Veuillez cocher TOUTES les cases qui s'appliquent. (Réfugié de guerre et/ou de catastrophe environnementale), Comment décririez-vous votre situation actuelle ? Veuillez cocher TOUTES les cases qui s'appliquent. (Personne handicapée ou membre d'une communauté historiquement défavorisée), Comment décririez-vous votre situation actuelle ? Veuillez cocher TOUTES les cases qui s'appliquent. (Étudiant âgé de 16 à 26 ans), Comment décririez-vous votre situation actuelle ? Veuillez cocher TOUTES les cases qui s'appliquent. (Professionnel travaillant avec des données sur l'environnement et la santé), Comment décririez-vous votre situation actuelle ? Veuillez cocher TOUTES les cases qui s'appliquent. (Aucune de ces catégories),Quel type d'Internet utiliserez-vous pour accéder à DataCamp ?,Sur quel(s) appareil(s) allez-vous utiliser DataCamp ? (Mon propre ordinateur),Sur quel(s) appareil(s) allez-vous utiliser DataCamp ? (Un ordinateur emprunté/partagé),Sur quel(s) appareil(s) allez-vous utiliser DataCamp ? (Mon propre appareil mobile iOS/Android),Sur quel(s) appareil(s) allez-vous utiliser DataCamp ? (Autre),"Avez-vous déjà suivi un cours ou une piste sur DataCamp ? Si oui, veuillez télécharger votre certificat.",Vous pouvez télécharger ici tout document ou matériel justifiant le(s) statut(s) que vous avez sélectionné(s).,Titre du poste (si vous êtes actuellement employé),Employeur (si vous êtes actuellement employé),École actuelle (ou dernière école fréquentée),Où en êtes-vous dans votre carrière académique ?,Veuillez cocher les types d'aide financière dont vous bénéficiez.,Vous pouvez fournir plus d'informations sur votre aide financière ici :,"Quel était le niveau d'études le plus élevé de vos parents ? (Diplôme d'études supérieures (doctorat, etc.))","Quel était le niveau d'études le plus élevé de vos parents ? (Diplôme d'études supérieures (MA, MS, etc.))","Quel était le niveau d'études le plus élevé de vos parents ? (Licence (BA, BS, BFA, etc.))",Quel était le niveau d'études le plus élevé de vos parents ? (Diplôme d'associé),Quel était le niveau d'études le plus élevé de vos parents ? (Diplôme de l'enseignement secondaire),Quel était le niveau d'études le plus élevé de vos parents ? (Aucun de ces diplômes),"Sur une échelle de 1 à 5, quelles sont vos connaissances en matière de science des données ?","Quels sont les sujets, les compétences et les technologies que vous voulez apprendre à DataCamp ?",La bourse gratuite DataCamp Donates dure de 6 à 12 mois. Quels sont les objectifs personnels et professionnels que vous souhaitez atteindre ?,Pourquoi méritez-vous la bourse ?,Quels défis personnels ou professionnels avez-vous relevés pour arriver là où vous êtes aujourd'hui ?,Combien de temps allez-vous consacrer à l'utilisation régulière de DataCamp ?,"Serez-vous en mesure de nous fournir, ainsi qu'à DataCamp, un témoignage de 3 à 5 phrases sur votre expérience ?",identifiant,age,pays
DEMO1000,R2000,2026-01-11,Homme,False,False,True,False,False,True,False,True,Données mobiles,True,True,False,False,,justificatif_demo.pdf,,,Universite de demonstration,première année de licence,Aide financière / bourse fondée sur les besoins,Aucune aide,False,False,True,False,False,False,3,"SQL, Power BI",Mon objectif est de approfondir SQL pour accompagner les petites entreprises de ma ville. Je souhaite consolider Python pour accompagner les petites entreprises de ma ville.,Mon objectif est de decouvrir l'analyse de donnees pour aider mon organisation a mieux decider. Je veux consolider les bases de donnees pour aider mon organisation a mieux decider. J'aimerais maitriser la visualisation de donnees afin de poursuivre mes etudes dans ce domaine.,"J'ai appris a programmer seul, sans ordinateur personnel J'ai finance mes etudes en travaillant le soir",3-5 heures/semaine,Non,demo0000,25.9,Burkina Faso
DEMO1001,R2001,2026-01-12,Homme,False,False,True,False,False,True,False,False,Mon propre Internet,False,False,False,False,,,,,Universite de demonstration,Étudiant diplômé,Bourse au mérite,,False,True,False,False,False,False,2,"les statistiques, Python, l'apprentissage automatique, la visualisation de donnees",Mon objectif est de consolider SQL parce que mon pays manque de competences techniques. Je souhaite maitriser Power BI afin de trouver un emploi dans la donnee. Mon objectif est de decouvrir l'analyse de donnees parce que mon pays manque de competences techniques.,Je souhaite maitriser les bases de donnees parce que mon pays manque de competences techniques. J'aimerais maitriser l'analyse de donnees pour accompagner les petites entreprises de ma ville. J'aimerais decouvrir les statistiques afin de poursuivre mes etudes dans ce domaine. Je veux maitriser la visualisation de donnees pour changer de metier.,"J'ai appris a programmer seul, sans ordinateur personnel J'ai du quitter ma region pour continuer a etudier J'ai monte un petit club informatique dans mon quartier",3-5 heures/semaine,Oui,demo0001,25.8,Tchad
DEMO1002,R2002,2026-01-23,Homme,True,False,False,False,False,True,False,False,Mon propre Internet,True,False,False,False,,,,,Universite de demonstration,quatrième année de licence,Aucun de ces types d'aide,,False,False,False,False,True,False,1,la visualisation de donnees,Je souhaite approfondir Python pour changer de metier.,Mon objectif est de consolider l'analyse de donnees afin de trouver un emploi dans la donnee. J'aimerais approfondir les statistiques parce que mon pays manque de competences techniques.,J'ai finance mes etudes en travaillant le soir,1-2 heures/semaine,Peut-être,demo0002,33.9,Congo
DEMO1003,R2003,2026-01-13,Homme,False,False,False,False,False,True,False,False,Wi-Fi public/école,True,False,True,False,,,,Organisation de demonstration,Universite de demonstration,Deuxième année de licence,Aucun de ces types d'aide,,False,False,False,False,False,False,2,"l'analyse de donnees, les statistiques",Mon objectif est de maitriser les bases de donnees pour aider mon organisation a mieux decider. Je souhaite apprendre Power BI parce que mon pays manque de competences techniques.,J'aimerais maitriser les statistiques parce que mon pays manque de competences techniques. J'aimerais approfondir SQL afin de trouver un emploi dans la donnee. Je souhaite maitriser les bases de donnees afin de trouver un emploi dans la donnee.,"J'ai repris mes etudes apres deux ans d'interruption J'ai appris a programmer seul, sans ordinateur personnel",>5 heures/semaine,Non,demo0003,33.8,Tchad
DEMO1004,R2004,2026-01-21,Homme,True,False,True,False,False,False,False,False,Données mobiles,False,False,False,False,,,,,Universite de demonstration,Étudiant diplômé,Aucun de ces types d'aide,Aucune aide,False,False,False,False,True,False,3,"la visualisation de donnees, Power BI, l'analyse de donnees",Mon objectif est de apprendre Python afin de poursuivre mes etudes dans ce domaine. Je souhaite consolider la visualisation de donnees parce que mon pays manque de competences techniques. Mon objectif est de maitriser Python pour aider mon organisation a mieux decider. Mon objectif est de approfondir l'apprentissage automatique pour accompagner les petites entreprises de ma ville.,J'aimerais approfondir l'analyse de donnees afin de trouver un emploi dans la donnee. Je souhaite approfondir les bases de donnees afin de poursuivre mes etudes dans ce domaine. Je veux consolider la visualisation de donnees pour accompagner les petites entreprises de ma ville. Mon objectif est de consolider Python parce que mon pays manque de competences techniques. Mon objectif est de consolider Python afin de trouver un emploi dans la donnee.,"J'ai appris a programmer seul, sans ordinateur personnel J'ai du quitter ma region pour continuer a etudier Je partage une connexion avec cinq personnes J'ai repris mes etudes apres deux ans d'interruption",1-2 heures/semaine,Non,demo0004,19.0,RDC
DEMO1005,R2005,2026-01-13,Homme,False,True,False,False,False,False,False,False,Mon propre Internet,True,False,False,False,,,,,Universite de demonstration,Troisième année de licence,Bourse au mérite,,False,False,False,False,False,False,4,"l'analyse de donnees, Python",Mon objectif est de approfondir SQL afin de trouver un emploi dans la donnee. J'aimerais maitriser Power BI afin de trouver un emploi dans la donnee.,Je veux maitriser SQL parce que mon pays manque de competences techniques. Je veux maitriser l'apprentissage automatique afin de trouver un emploi dans la donnee. Je veux consolider l'analyse de donnees pour aider mon organisation a mieux decider.,"Je partage une connexion avec cinq personnes J'ai appris a programmer seul, sans ordinateur personnel",3-5 heures/semaine,Oui,demo0005,19.5,Burkina Faso
DEMO1006,R2006,2026-01-10,Femme,True,False,False,False,True,True,False,False,Mon propre Internet,True,False,False,False,,,,,Universite de demonstration,Ancien élève/non inscrit,Bourse au mérite,,False,False,False,False,False,False,2,"SQL, la visualisation de donnees, Python, les statistiques",J'aimerais apprendre l'apprentissage automatique pour changer de metier.,J'aimerais apprendre les bases de donnees pour changer de metier. J'aimerais consolider l'analyse de donnees pour aider mon organisation a mieux decider.,J'ai monte un petit club informatique dans mon quartier,3-5 heures/semaine,Oui,demo0006,26.4,Senegal
DEMO1007,R2007,2026-01-15,Homme,False,False,False,False,False,True,False,False,Wi-Fi public/école,True,True,True,True,,,Enseignant,Organisation de demonstration,Universite de demonstration,quatrième année de licence,Aucun de ces types d'aide,,False,False,False,False,False,False,2,"les statistiques, SQL",Mon objectif est de decouvrir les statistiques pour changer de metier.,Mon objectif est de apprendre SQL afin de poursuivre mes etudes dans ce domaine. J'aimerais decouvrir la visualisation de donnees pour changer de metier.,J'ai finance mes etudes en travaillant le soir,>5 heures/semaine,Non,demo0007,28.7,Maroc
DEMO1008,R2008,2026-01-24,Homme,True,True,False,False,False,True,False,False,Mon propre Internet,True,False,True,False,,justificatif_demo.pdf,,,Universite de demonstration,Deuxième année de licence,Aucun de ces types d'aide,Aucune aide,False,True,False,False,False,False,2,"l'apprentissage automatique, Python, Power BI",Mon objectif est de consolider l'analyse de donnees pour aider mon organisation a mieux decider. Je veux maitriser Power BI afin de poursuivre mes etudes dans ce domaine.,Mon objectif est de apprendre l'analyse de donnees afin de poursuivre mes etudes dans ce domaine. Mon objectif est de consolider Python afin de poursuivre mes etudes dans ce domaine. Mon objectif est de apprendre Python pour changer de metier.,"J'ai appris a programmer seul, sans ordinateur personnel J'ai repris mes etudes apres deux ans d'interruption",1-2 heures/semaine,Peut-être,demo0008,31.4,RDC
DEMO1009,R2009,2026-01-17,Femme,False,False,False,False,False,True,False,True,Internet d'un ami,True,False,True,False,,,Stagiaire,,Universite de demonstration,quatrième année de licence,Aide financière / bourse fondée sur les besoins,,False,False,False,False,False,True,3,"les statistiques, la visualisation de donnees",J'aimerais consolider la visualisation de donnees pour changer de metier.,Je veux apprendre les bases de donnees pour aider mon organisation a mieux decider. Je souhaite maitriser les bases de donnees pour aider mon organisation a mieux decider.,J'ai du quitter ma region pour continuer a etudier,3-5 heures/semaine,Peut-être,demo0009,25.5,Benin
DEMO1010,R2010,2026-01-25,Homme,True,False,True,False,False,False,False,False,Mon propre Internet,True,True,False,False,,,,,Universite de demonstration,Ancien élève/non inscrit,Bourse au mérite,,False,False,False,False,True,True,3,"l'analyse de donnees, la visualisation de donnees, les statistiques, SQL",Je veux approfondir l'analyse de donnees pour aider mon organisation a mieux decider. Je souhaite approfondir Python pour aider mon organisation a mieux decider.,J'aimerais decouvrir SQL afin de trouver un emploi dans la donnee. Je souhaite approfondir Power BI pour aider mon organisation a mieux decider. Je souhaite decouvrir l'analyse de donnees pour accompagner les petites entreprises de ma ville.,J'ai finance mes etudes en travaillant le soir J'ai repris mes etudes apres deux ans d'interruption,>5 heures/semaine,Oui,demo0010,31.7,Maroc
DEMO1011,R2011,2026-01-14,Homme,True,False,False,False,False,False,False,False,Mon propre Internet,False,False,False,False,,,,,Universite de demonstration,Étudiant diplômé,Aide financière / bourse fondée sur les besoins,,False,False,False,False,False,True,3,"les statistiques, la visualisation de donnees, l'analyse de donnees, les bases de donnees",J'aimerais decouvrir l'apprentissage automatique pour aider mon organisation a mieux decider.,Je veux consolider l'analyse de donnees pour changer de metier. Mon objectif est de maitriser SQL afin de trouver un emploi dans la donnee.,J'ai monte un petit club informatique dans mon quartier,>5 heures/semaine,Non,demo0011,21.5,Burkina Faso
DEMO1012,R2012,2026-01-16,Homme,False,True,False,False,False,True,False,False,Mon propre Internet,True,False,False,False,,justificatif_demo.pdf,Enseignant,,Universite de demonstration,Deuxième année de licence,Aucun de ces types d'aide,,False,False,False,False,False,False,4,"l'analyse de donnees, la visualisation de donnees, Python, SQL",Je souhaite decouvrir les bases de donnees pour accompagner les petites entreprises de ma ville. Je veux apprendre SQL parce que mon pays manque de competences techniques. Je veux decouvrir l'apprentissage automatique pour changer de metier. Mon objectif est de maitriser la visualisation de donnees pour accompagner les petites entreprises de ma ville.,Je souhaite decouvrir SQL pour accompagner les petites entreprises de ma ville. Je souhaite apprendre la visualisation de donnees afin de trouver un emploi dans la donnee. Je souhaite approfondir la visualisation de donnees afin de poursuivre mes etudes dans ce domaine. J'aimerais consolider l'analyse de donnees afin de poursuivre mes etudes dans ce domaine. Je souhaite apprendre SQL pour aider mon organisation a mieux decider.,"J'ai monte un petit club informatique dans mon quartier J'ai du quitter ma region pour continuer a etudier J'ai appris a programmer seul, sans ordinateur personnel Je partage une connexion avec cinq personnes",3-5 heures/semaine,Oui,demo0012,30.6,Togo
DEMO1013,R2013,2026-01-18,Homme,False,False,False,False,False,False,False,False,Wi-Fi public/école,True,False,False,False,,justificatif_demo.pdf,Enseignant,Organisation de demonstration,Universite de demonstration,Étudiant diplômé,Bourse au mérite,,False,False,True,False,False,True,3,"Power BI, l'analyse de donnees",Mon objectif est de maitriser les bases de donnees afin de trouver un emploi dans la donnee.,J'aimerais approfondir SQL pour accompagner les petites entreprises de ma ville. Je veux consolider la visualisation de donnees afin de trouver un emploi dans la donnee.,Je partage une connexion avec cinq personnes,>5 heures/semaine,Oui,demo0013,33.2,Cote d Ivoire
DEMO1014,R2014,2026-01-14,Femme,True,True,True,False,False,True,False,False,Mon propre Internet,False,False,True,False,,justificatif_demo.pdf,,,Universite de demonstration,Ancien élève/non inscrit,Aide financière / bourse fondée sur les besoins,,False,False,True,False,True,False,1,"l'analyse de donnees, la visualisation de donnees",J'aimerais decouvrir SQL pour changer de metier. Je veux maitriser les statistiques pour accompagner les petites entreprises de ma ville.,Je veux maitriser les statistiques pour aider mon organisation a mieux decider. Je veux apprendre l'analyse de donnees afin de trouver un emploi dans la donnee. Je veux apprendre l'analyse de donnees pour changer de metier.,Je partage une connexion avec cinq personnes J'ai finance mes etudes en travaillant le soir,1-2 heures/semaine,Oui,demo0014,21.1,Benin
DEMO1015,R2015,2026-01-11,Homme,True,False,False,False,False,True,False,False,Mon propre Internet,True,False,False,False,,,,,Universite de demonstration,Deuxième année de licence,Aide financière / bourse fondée sur les besoins,,False,False,True,False,False,False,2,"les statistiques, l'analyse de donnees",J'aimerais decouvrir les statistiques pour accompagner les petites entreprises de ma ville. Je souhaite consolider l'apprentissage automatique parce que mon pays manque de competences techniques.,Mon objectif est de maitriser l'analyse de donnees pour changer de metier. Je souhaite decouvrir les statistiques afin de trouver un emploi dans la donnee. Je veux apprendre SQL pour aider mon organisation a mieux decider.,J'ai monte un petit club informatique dans mon quartier J'ai finance mes etudes en travaillant le soir,3-5 heures/semaine,Oui,demo0015,24.7,Congo
DEMO1016,R2016,2026-01-17,Homme,True,False,False,False,False,True,False,False,Données mobiles,True,False,True,False,,justificatif_demo.pdf,,,Universite de demonstration,quatrième année de licence,Bourse au mérite,,False,False,False,False,False,True,3,"les bases de donnees, la visualisation de donnees",Je souhaite approfondir l'apprentissage automatique pour changer de metier.,Je souhaite maitriser l'apprentissage automatique pour changer de metier. J'aimerais consolider la visualisation de donnees parce que mon pays manque de competences techniques.,J'ai monte un petit club informatique dans mon quartier,3-5 heures/semaine,Oui,demo0016,19.7,Tchad
DEMO1017,R2017,2026-01-21,Homme,False,True,False,False,False,True,False,False,Mon propre Internet,False,False,False,False,,justificatif_demo.pdf,Enseignant,Organisation de demonstration,Universite de demonstration,Étudiant diplômé,Aide financière / bourse fondée sur les besoins,,False,False,False,False,False,False,4,"l'analyse de donnees, Python, la visualisation de donnees",J'aimerais decouvrir l'analyse de donnees pour changer de metier. J'aimerais maitriser l'analyse de donnees afin de poursuivre mes etudes dans ce domaine. Je veux maitriser Python parce que mon pays manque de competences techniques.,Mon objectif est de decouvrir SQL pour changer de metier. Je veux consolider les statistiques parce que mon pays manque de competences techniques. Mon objectif est de maitriser Python pour changer de metier. Mon objectif est de decouvrir SQL pour accompagner les petites entreprises de ma ville.,"J'ai monte un petit club informatique dans mon quartier J'ai repris mes etudes apres deux ans d'interruption J'ai appris a programmer seul, sans ordinateur personnel",3-5 heures/semaine,Oui,demo0017,22.5,RDC
DEMO1018,R2018,2026-01-25,Homme,False,False,False,False,False,True,False,False,Données mobiles,True,False,False,False,,,,,Universite de demonstration,Troisième année de licence,Aide financière / bourse fondée sur les besoins,Aucune aide,False,False,False,False,True,True,4,"Python, Power BI",Je souhaite approfondir SQL parce que mon pays manque de competences techniques.,Je veux consolider Power BI afin de poursuivre mes etudes dans ce domaine. Je veux approfondir l'apprentissage automatique parce que mon pays manque de competences techniques.,Je partage une connexion avec cinq personnes,3-5 heures/semaine,Peut-être,demo0018,26.1,Cote d Ivoire
DEMO1019,R2019,2026-01-24,Homme,True,False,False,False,False,False,False,False,Mon propre Internet,True,False,True,False,,justificatif_demo.pdf,,,Universite de demonstration,Ancien élève/non inscrit,Aucun de ces types d'aide,Aucune aide,False,False,False,False,False,False,2,SQL,Je souhaite maitriser la visualisation de donnees parce que mon pays manque de competences techniques.,J'aimerais maitriser l'apprentissage automatique pour changer de metier. J'aimerais consolider Power BI afin de trouver un emploi dans la donnee.,J'ai repris mes etudes apres deux ans d'interruption,3-5 heures/semaine,Peut-être,demo0019,20.3,RDC
DEMO1020,R2020,2026-01-26,Homme,True,False,True,False,False,True,False,False,Données mobiles,True,False,True,False,,justificatif_demo.pdf,,,Universite de demonstration,quatrième année de licence,Aucun de ces types d'aide,,False,False,False,False,False,False,2,"les statistiques, l'analyse de donnees, Python",Je veux maitriser la visualisation de donnees pour accompagner les petites entreprises de ma ville. Je souhaite approfondir Power BI pour aider mon organisation a mieux decider.,J'aimerais apprendre Python afin de trouver un emploi dans la donnee. Mon objectif est de approfondir l'analyse de donnees parce que mon pays manque de competences techniques. J'aimerais apprendre la visualisation de donnees parce que mon pays manque de competences techniques.,"J'ai appris a programmer seul, sans ordinateur personnel J'ai monte un petit club informatique dans mon quartier",1-2 heures/semaine,Oui,demo0020,18.9,Tchad
DEMO1021,R2021,2026-01-27,Homme,True,False,False,False,False,True,False,False,Mon propre Internet,False,False,True,False,,,,,Universite de demonstration,Deuxième année de licence,Aide financière / bourse fondée sur les besoins,,False,True,False,False,False,False,3,"l'apprentissage automatique, SQL, Python, les statistiques",Je souhaite consolider Python parce que mon pays manque de competences techniques. Mon objectif est de maitriser la visualisation de donnees pour changer de metier.,Je souhaite apprendre l'apprentissage automatique afin de trouver un emploi dans la donnee. Je veux maitriser l'analyse de donnees pour accompagner les petites entreprises de ma ville. Mon objectif est de consolider Power BI pour changer de metier.,J'ai repris mes etudes apres deux ans d'interruption J'ai finance mes etudes en travaillant le soir,>5 heures/semaine,Non,demo0021,18.1,Cameroun
DEMO1022,R2022,2026-01-24,Homme,False,True,True,False,True,True,False,False,Wi-Fi public/école,True,False,False,False,,,Stagiaire,,Universite de demonstration,Troisième année de licence,Aucun de ces types d'aide,,True,False,False,False,False,False,2,"l'analyse de donnees, la visualisation de donnees",Mon objectif est de decouvrir les bases de donnees parce que mon pays manque de competences techniques. Je souhaite apprendre l'analyse de donnees afin de poursuivre mes etudes dans ce domaine. Mon objectif est de consolider Power BI afin de trouver un emploi dans la donnee.,Je veux consolider SQL pour accompagner les petites entreprises de ma ville. Mon objectif est de maitriser Python pour changer de metier. Je souhaite apprendre la visualisation de donnees pour aider mon organisation a mieux decider. Mon objectif est de apprendre Python pour changer de metier.,"J'ai appris a programmer seul, sans ordinateur personnel J'ai finance mes etudes en travaillant le soir J'ai monte un petit club informatique dans mon quartier",1-2 heures/semaine,Oui,demo0022,31.7,Burkina Faso
DEMO1023,R2023,2026-01-12,Femme,False,True,False,False,True,False,False,False,Mon propre Internet,False,False,True,False,,,Enseignant,,Universite de demonstration,Deuxième année de licence,Aucun de ces types d'aide,,False,True,False,False,False,False,3,"Python, l'analyse de donnees, l'apprentissage automatique",Je souhaite decouvrir SQL pour aider mon organisation a mieux decider.,Je veux apprendre l'apprentissage automatique afin de poursuivre mes etudes dans ce domaine. Je souhaite consolider Power BI afin de trouver un emploi dans la donnee.,Je partage une connexion avec cinq personnes,1-2 heures/semaine,Non,demo0023,21.2,Togo
DEMO1024,R2024,2026-01-15,Femme,True,False,False,False,False,True,False,False,Mon propre Internet,True,True,False,False,,,,,Universite de demonstration,Étudiant diplômé,Bourse au mérite,,False,False,False,False,False,True,2,"Power BI, l'apprentissage automatique, les bases de donnees",Mon objectif est de decouvrir l'apprentissage automatique parce que mon pays manque de competences techniques.,Mon objectif est de consolider Python pour aider mon organisation a mieux decider. J'aimerais consolider la visualisation de donnees parce que mon pays manque de competences techniques.,J'ai du quitter ma region pour continuer a etudier,3-5 heures/semaine,Oui,demo0024,25.4,Maroc
DEMO1025,R2025,2026-01-17,Homme,True,False,False,False,False,True,False,False,Wi-Fi public/école,True,False,True,False,,,,,Universite de demonstration,Étudiant diplômé,Aucun de ces types d'aide,,False,False,False,False,False,False,2,SQL,J'aimerais maitriser l'analyse de donnees parce que mon pays manque de competences techniques. Je souhaite apprendre l'analyse de donnees parce que mon pays manque de competences techniques.,Mon objectif est de consolider Power BI parce que mon pays manque de competences techniques. Je souhaite maitriser Power BI pour accompagner les petites entreprises de ma ville. Je veux apprendre l'apprentissage automatique parce que mon pays manque de competences techniques.,J'ai du quitter ma region pour continuer a etudier J'ai monte un petit club informatique dans mon quartier,>5 heures/semaine,Oui,demo0025,28.7,Tchad
DEMO1026,R2026,2026-01-13,Femme,True,False,False,False,False,True,False,False,Mon propre Internet,True,False,False,False,,,,,Universite de demonstration,Troisième année de licence,Bourse au mérite,,False,False,False,False,False,True,2,"SQL, l'analyse de donnees, Power BI",Je veux consolider l'apprentissage automatique afin de poursuivre mes etudes dans ce domaine. Je veux consolider Python afin de poursuivre mes etudes dans ce domaine. J'aimerais consolider les statistiques parce que mon pays manque de competences techniques. Je veux maitriser la visualisation de donnees parce que mon pays manque de competences techniques.,Je souhaite consolider les statistiques afin de poursuivre mes etudes dans ce domaine. Je souhaite approfondir Power BI parce que mon pays manque de competences techniques. Je veux apprendre Python pour changer de metier. Je veux decouvrir les statistiques pour accompagner les petites entreprises de ma ville. J'aimerais apprendre l'apprentissage automatique pour aider mon organisation a mieux decider.,"J'ai du quitter ma region pour continuer a etudier Je partage une connexion avec cinq personnes J'ai appris a programmer seul, sans ordinateur personnel J'ai monte un petit club informatique dans mon quartier",>5 heures/semaine,Oui,demo0026,20.6,Benin
DEMO1027,R2027,2026-01-27,Homme,False,False,True,False,False,True,False,False,Wi-Fi public/école,False,False,False,False,,justificatif_demo.pdf,,,Universite de demonstration,quatrième année de licence,Aucun de ces types d'aide,,False,False,False,False,False,False,3,les statistiques,Mon objectif est de approfondir l'analyse de donnees pour changer de metier. Je souhaite consolider les statistiques afin de trouver un emploi dans la donnee. J'aimerais consolider Python afin de poursuivre mes etudes dans ce domaine. Je souhaite maitriser SQL afin de poursuivre mes etudes dans ce domaine.,J'aimerais approfondir SQL pour accompagner les petites entreprises de ma ville. Mon objectif est de maitriser la visualisation de donnees parce que mon pays manque de competences techniques. J'aimerais maitriser l'apprentissage automatique parce que mon pays manque de competences techniques. Mon objectif est de consolider SQL afin de poursuivre mes etudes dans ce domaine. J'aimerais maitriser les bases de donnees afin de poursuivre mes etudes dans ce domaine.,"J'ai appris a programmer seul, sans ordinateur personnel J'ai monte un petit club informatique dans mon quartier J'ai finance mes etudes en travaillant le soir J'ai repris mes etudes apres deux ans d'interruption",>5 heures/semaine,Oui,demo0027,26.9,Maroc
DEMO1028,R2028,2026-01-25,Homme,True,False,False,False,False,True,False,False,Mon propre Internet,True,False,False,False,,,,,Universite de demonstration,quatrième année de licence,Aide financière / bourse fondée sur les besoins,,False,False,False,False,True,True,4,"SQL, Power BI, l'apprentissage automatique",Je veux maitriser Python afin de trouver un emploi dans la donnee. Je veux maitriser les statistiques pour changer de metier.,J'aimerais approfondir les bases de donnees pour accompagner les petites entreprises de ma ville. Mon objectif est de approfondir l'analyse de donnees pour aider mon organisation a mieux decider. Je veux approfondir Python pour aider mon organisation a mieux decider.,J'ai repris mes etudes apres deux ans d'interruption J'ai du quitter ma region pour continuer a etudier,>5 heures/semaine,Peut-être,demo0028,23.3,Maroc
DEMO1029,R2029,2026-01-25,Homme,False,False,False,False,False,False,False,False,Mon propre Internet,True,False,False,False,,justificatif_demo.pdf,Enseignant,,Universite de demonstration,Ancien élève/non inscrit,Aucun de ces types d'aide,,False,False,False,False,False,False,4,l'apprentissage automatique,Je souhaite decouvrir la visualisation de donnees pour changer de metier. Mon objectif est de apprendre l'analyse de donnees pour changer de metier. Je souhaite approfondir la visualisation de donnees pour aider mon organisation a mieux decider. J'aimerais approfondir la visualisation de donnees parce que mon pays manque de competences techniques.,Je souhaite approfondir Python parce que mon pays manque de competences techniques. Je souhaite decouvrir Python pour changer de metier. Je veux consolider l'analyse de donnees parce que mon pays manque de competences techniques. Je souhaite apprendre l'analyse de donnees pour accompagner les petites entreprises de ma ville. Mon objectif est de decouvrir l'analyse de donnees pour accompagner les petites entreprises de ma ville.,J'ai finance mes etudes en travaillant le soir J'ai du quitter ma region pour continuer a etudier Je partage une connexion avec cinq personnes J'ai monte un petit club informatique dans mon quartier,3-5 heures/semaine,Oui,demo0029,24.8,Togo
DEMO1030,R2030,2026-01-12,Homme,False,False,True,True,False,False,False,False,Mon propre Internet,False,False,False,False,,,Stagiaire,,Universite de demonstration,quatrième année de licence,Bourse au mérite,,False,True,True,False,False,False,3,"Power BI, les statistiques, les bases de donnees",Mon objectif est de decouvrir Python pour aider mon organisation a mieux decider. J'aimerais consolider les bases de donnees parce que mon pays manque de competences techniques. Mon objectif est de maitriser SQL pour aider mon organisation a mieux decider.,Mon objectif est de decouvrir les bases de donnees parce que mon pays manque de competences techniques. Je veux approfondir les statistiques pour aider mon organisation a mieux decider. J'aimerais apprendre les statistiques pour accompagner les petites entreprises de ma ville. Je souhaite maitriser Power BI pour accompagner les petites entreprises de ma ville.,"Je partage une connexion avec cinq personnes J'ai appris a programmer seul, sans ordinateur personnel J'ai du quitter ma region pour continuer a etudier",>5 heures/semaine,Peut-être,demo0030,27.6,Senegal
DEMO1031,R2031,2026-01-20,Homme,False,False,True,False,False,False,False,False,Mon propre Internet,False,False,False,False,,,,,Universite de demonstration,Deuxième année de licence,Aucun de ces types d'aide,,False,False,False,False,False,False,1,"les bases de donnees, les statistiques, SQL, la visualisation de donnees",Je souhaite decouvrir les bases de donnees pour accompagner les petites entreprises de ma ville. Je souhaite consolider les statistiques pour changer de metier. Mon objectif est de decouvrir Power BI pour accompagner les petites entreprises de ma ville. J'aimerais decouvrir l'apprentissage automatique afin de trouver un emploi dans la donnee.,Mon objectif est de maitriser SQL afin de trouver un emploi dans la donnee. J'aimerais approfondir les statistiques parce que mon pays manque de competences techniques. Mon objectif est de maitriser Python parce que mon pays manque de competences techniques. J'aimerais apprendre les statistiques afin de poursuivre mes etudes dans ce domaine. Je veux apprendre la visualisation de donnees pour aider mon organisation a mieux decider.,"J'ai monte un petit club informatique dans mon quartier J'ai finance mes etudes en travaillant le soir J'ai repris mes etudes apres deux ans d'interruption J'ai appris a programmer seul, sans ordinateur personnel",1-2 heures/semaine,Oui,demo0031,18.5,Tchad
DEMO1032,R2032,2026-01-18,Femme,False,True,False,False,False,True,False,False,Wi-Fi public/école,True,False,True,False,,,Analyste junior,,Universite de demonstration,Ancien élève/non inscrit,Aide financière / bourse fondée sur les besoins,,False,True,False,False,True,False,3,"la visualisation de donnees, l'apprentissage automatique, SQL, les bases de donnees",Mon objectif est de maitriser la visualisation de donnees pour changer de metier. J'aimerais approfondir Python pour accompagner les petites entreprises de ma ville.,Je souhaite apprendre Power BI pour accompagner les petites entreprises de ma ville. Je veux apprendre SQL afin de trouver un emploi dans la donnee. J'aimerais apprendre l'apprentissage automatique afin de poursuivre mes etudes dans ce domaine.,J'ai du quitter ma region pour continuer a etudier J'ai repris mes etudes apres deux ans d'interruption,>5 heures/semaine,Oui,demo0032,25.5,Burkina Faso
DEMO1033,R2033,2026-01-22,Homme,True,False,False,False,False,True,False,False,Mon propre Internet,True,False,True,False,,,,,Universite de demonstration,quatrième année de licence,Aucun de ces types d'aide,,False,True,True,False,False,True,1,"la visualisation de donnees, les bases de donnees, SQL",Je souhaite maitriser les bases de donnees pour accompagner les petites entreprises de ma ville. Mon objectif est de decouvrir la visualisation de donnees pour aider mon organisation a mieux decider.,Je veux decouvrir l'apprentissage automatique afin de trouver un emploi dans la donnee. Je souhaite approfondir Power BI pour aider mon organisation a mieux decider. Mon objectif est de approfondir les bases de donnees pour changer de metier.,J'ai repris mes etudes apres deux ans d'interruption Je partage une connexion avec cinq personnes,>5 heures/semaine,Oui,demo0033,20.5,RDC
DEMO1034,R2034,2026-01-16,Femme,False,False,True,False,False,False,False,False,Mon propre Internet,False,True,True,False,,,Stagiaire,Organisation de demonstration,Universite de demonstration,première année de licence,Bourse au mérite,,False,False,False,False,False,True,3,"Power BI, les bases de donnees",Mon objectif est de maitriser la visualisation de donnees pour accompagner les petites entreprises de ma ville.,Mon objectif est de maitriser l'apprentissage automatique pour accompagner les petites entreprises de ma ville. Je souhaite apprendre les bases de donnees pour aider mon organisation a mieux decider.,"J'ai appris a programmer seul, sans ordinateur personnel",3-5 heures/semaine,Oui,demo0034,27.8,Senegal
DEMO1035,R2035,2026-01-26,Femme,True,False,False,False,False,True,False,False,Données mobiles,True,False,False,False,,justificatif_demo.pdf,,,Universite de demonstration,première année de licence,Bourse au mérite,Aucune aide,False,False,False,False,False,False,1,les statistiques,Mon objectif est de approfondir l'analyse de donnees pour accompagner les petites entreprises de ma ville. Je souhaite approfondir SQL afin de poursuivre mes etudes dans ce domaine.,Je veux decouvrir Python pour accompagner les petites entreprises de ma ville. Mon objectif est de apprendre l'apprentissage automatique pour changer de metier. Mon objectif est de consolider la visualisation de donnees afin de trouver un emploi dans la donnee.,J'ai finance mes etudes en travaillant le soir J'ai repris mes etudes apres deux ans d'interruption,3-5 heures/semaine,Non,demo0035,31.1,Togo
DEMO1036,R2036,2026-01-16,Homme,True,True,False,False,False,False,False,False,Mon propre Internet,True,True,True,False,,justificatif_demo.pdf,,,Universite de demonstration,Étudiant diplômé,Aucun de ces types d'aide,,False,False,False,False,False,False,2,l'analyse de donnees,Je veux consolider Python parce que mon pays manque de competences techniques.,Je souhaite approfondir les statistiques parce que mon pays manque de competences techniques. Mon objectif est de approfondir l'analyse de donnees pour accompagner les petites entreprises de ma ville.,J'ai repris mes etudes apres deux ans d'interruption,>5 heures/semaine,Non,demo0036,18.9,RDC
DEMO1037,R2037,2026-01-17,Femme,False,False,True,False,False,False,False,False,Mon propre Internet,True,False,False,False,,justificatif_demo.pdf,,,Universite de demonstration,Étudiant diplômé,Aucun de ces types d'aide,,False,False,False,False,False,True,1,"SQL, Power BI, Python",Je veux maitriser Python pour aider mon organisation a mieux decider.,Je souhaite approfondir les statistiques afin de poursuivre mes etudes dans ce domaine. Mon objectif est de apprendre Python pour accompagner les petites entreprises de ma ville.,J'ai monte un petit club informatique dans mon quartier,3-5 heures/semaine,Oui,demo0037,25.5,RDC
DEMO1038,R2038,2026-01-19,Femme,False,False,False,False,False,True,False,False,Internet d'un ami,True,False,False,False,,justificatif_demo.pdf,Enseignant,Organisation de demonstration,Universite de demonstration,Deuxième année de licence,Aucun de ces types d'aide,Aucune aide,False,False,False,False,True,False,2,"les bases de donnees, la visualisation de donnees, l'analyse de donnees",Mon objectif est de approfondir Python pour changer de metier.,Mon objectif est de consolider SQL pour accompagner les petites entreprises de ma ville. J'aimerais decouvrir Python pour accompagner les petites entreprises de ma ville.,Je partage une connexion avec cinq personnes,>5 heures/semaine,Oui,demo0038,29.8,Benin
DEMO1039,R2039,2026-01-14,Femme,True,False,False,False,False,False,False,False,Internet d'un ami,True,False,False,False,,,,,Universite de demonstration,Ancien élève/non inscrit,Aucun de ces types d'aide,,False,False,False,False,False,False,2,"Power BI, l'analyse de donnees, les bases de donnees, les statistiques",Je souhaite decouvrir les bases de donnees afin de poursuivre mes etudes dans ce domaine. Je veux approfondir les statistiques pour aider mon organisation a mieux decider.,J'aimerais decouvrir l'analyse de donnees afin de poursuivre mes etudes dans ce domaine. J'aimerais apprendre les bases de donnees parce que mon pays manque de competences techniques. Je veux approfondir la visualisation de donnees pour accompagner les petites entreprises de ma ville.,"J'ai repris mes etudes apres deux ans d'interruption J'ai appris a programmer seul, sans ordinateur personnel",>5 heures/semaine,Non,demo0039,24.0,Senegal
DEMO1040,R2040,2026-01-17,Homme,False,True,False,False,True,True,True,False,Données mobiles,True,False,True,False,,,,,Universite de demonstration,quatrième année de licence,Bourse au mérite,Aucune aide,False,False,True,False,True,False,3,"la visualisation de donnees, SQL, l'apprentissage automatique, les statistiques",Je veux decouvrir les statistiques afin de poursuivre mes etudes dans ce domaine.,Je souhaite maitriser les statistiques pour aider mon organisation a mieux decider. J'aimerais apprendre Power BI pour accompagner les petites entreprises de ma ville.,"J'ai appris a programmer seul, sans ordinateur personnel",1-2 heures/semaine,Oui,demo0040,29.0,RDC
DEMO1041,R2041,2026-01-26,Homme,False,False,True,False,False,True,False,False,Mon propre Internet,True,True,True,False,,,Analyste junior,,Universite de demonstration,Ancien élève/non inscrit,Aucun de ces types d'aide,Aucune aide,False,False,False,False,False,False,3,"l'analyse de donnees, Power BI",Je souhaite maitriser la visualisation de donnees pour accompagner les petites entreprises de ma ville. Je souhaite apprendre SQL pour changer de metier.,Mon objectif est de consolider les bases de donnees parce que mon pays manque de competences techniques. Je veux apprendre Python afin de poursuivre mes etudes dans ce domaine. J'aimerais maitriser l'apprentissage automatique pour aider mon organisation a mieux decider.,"J'ai repris mes etudes apres deux ans d'interruption J'ai appris a programmer seul, sans ordinateur personnel",1-2 heures/semaine,Oui,demo0041,28.1,Tchad
DEMO1042,R2042,2026-01-22,Homme,True,True,False,False,False,True,False,False,Mon propre Internet,True,False,False,False,certificat_demo.pdf,,,,Universite de demonstration,quatrième année de licence,Bourse au mérite,,False,False,False,False,False,False,3,"l'analyse de donnees, la visualisation de donnees",Je veux decouvrir Python afin de trouver un emploi dans la donnee.,Je souhaite maitriser la visualisation de donnees pour aider mon organisation a mieux decider. Je veux maitriser Python pour aider mon organisation a mieux decider.,Je partage une connexion avec cinq personnes,3-5 heures/semaine,Oui,demo0042,23.4,Cameroun
DEMO1043,R2043,2026-01-13,Femme,False,False,False,False,False,True,False,False,Mon propre Internet,True,True,False,False,,justificatif_demo.pdf,,,Universite de demonstration,première année de licence,Aide financière / bourse fondée sur les besoins,,False,False,False,False,False,False,3,"Power BI, l'apprentissage automatique",Mon objectif est de maitriser les bases de donnees afin de poursuivre mes etudes dans ce domaine. Mon objectif est de approfondir les bases de donnees pour accompagner les petites entreprises de ma ville.,J'aimerais consolider l'apprentissage automatique parce que mon pays manque de competences techniques. Mon objectif est de maitriser SQL afin de poursuivre mes etudes dans ce domaine. Je souhaite consolider Power BI afin de poursuivre mes etudes dans ce domaine.,Je partage une connexion avec cinq personnes J'ai finance mes etudes en travaillant le soir,3-5 heures/semaine,Oui,demo0043,18.2,Benin
DEMO1044,R2044,2026-01-20,Homme,True,False,True,False,False,False,False,False,Mon propre Internet,True,True,True,False,,justificatif_demo.pdf,,,Universite de demonstration,quatrième année de licence,Aucun de ces types d'aide,,False,False,False,False,False,True,4,"l'apprentissage automatique, l'analyse de donnees, les bases de donnees, la visualisation de donnees",Je souhaite maitriser Power BI pour changer de metier. J'aimerais consolider l'apprentissage automatique afin de poursuivre mes etudes dans ce domaine. Je souhaite decouvrir Python pour accompagner les petites entreprises de ma ville.,Mon objectif est de decouvrir l'apprentissage automatique pour aider mon organisation a mieux decider. Mon objectif est de decouvrir Python pour accompagner les petites entreprises de ma ville. J'aimerais maitriser l'apprentissage automatique pour accompagner les petites entreprises de ma ville. Je veux consolider Power BI parce que mon pays manque de competences techniques.,J'ai du quitter ma region pour continuer a etudier J'ai monte un petit club informatique dans mon quartier J'ai repris mes etudes apres deux ans d'interruption,1-2 heures/semaine,Oui,demo0044,31.3,Maroc
DEMO1045,R2045,2026-01-11,Homme,False,False,True,False,False,True,False,False,Données mobiles,True,False,False,False,,justificatif_demo.pdf,,,Universite de demonstration,Deuxième année de licence,Aide financière / bourse fondée sur les besoins,,False,False,False,False,False,False,2,Power BI,Mon objectif est de consolider la visualisation de donnees afin de poursuivre mes etudes dans ce domaine.,Mon objectif est de consolider Power BI afin de trouver un emploi dans la donnee. Je souhaite maitriser les statistiques pour aider mon organisation a mieux decider.,Je partage une connexion avec cinq personnes,1-2 heures/semaine,Oui,demo0045,28.2,Cote d Ivoire
DEMO1046,R2046,2026-01-25,Homme,False,False,True,False,False,True,False,False,Mon propre Internet,False,True,False,False,,,,Organisation de demonstration,Universite de demonstration,Ancien élève/non inscrit,Aucun de ces types d'aide,,False,False,False,False,False,False,2,Python,J'aimerais approfondir l'apprentissage automatique pour changer de metier.,J'aimerais decouvrir SQL afin de trouver un emploi dans la donnee. J'aimerais decouvrir les bases de donnees pour accompagner les petites entreprises de ma ville.,J'ai repris mes etudes apres deux ans d'interruption,3-5 heures/semaine,Oui,demo0046,26.9,Togo
DEMO1047,R2047,2026-01-25,Homme,False,False,False,False,False,False,False,False,Données mobiles,True,False,True,False,,,,,Universite de demonstration,Deuxième année de licence,Aucun de ces types d'aide,Aucune aide,False,True,False,False,False,False,3,"SQL, l'analyse de donnees",J'aimerais consolider les statistiques parce que mon pays manque de competences techniques.,Mon objectif est de approfondir les statistiques afin de trouver un emploi dans la donnee. J'aimerais maitriser les statistiques pour aider mon organisation a mieux decider.,"J'ai appris a programmer seul, sans ordinateur personnel",1-2 heures/semaine,Oui,demo0047,19.7,Cameroun
DEMO1048,R2048,2026-01-25,Homme,False,False,False,False,False,True,False,False,Données mobiles,True,True,False,False,,justificatif_demo.pdf,,,Universite de demonstration,première année de licence,Aide financière / bourse fondée sur les besoins,Aucune aide,False,True,False,False,True,True,2,"l'analyse de donnees, la visualisation de donnees",Je souhaite decouvrir les statistiques pour accompagner les petites entreprises de ma ville.,Mon objectif est de decouvrir SQL pour accompagner les petites entreprises de ma ville. J'aimerais consolider les bases de donnees parce que mon pays manque de competences techniques.,J'ai monte un petit club informatique dans mon quartier,3-5 heures/semaine,Peut-être,demo0048,33.4,Tchad
DEMO1049,R2049,2026-01-20,Homme,False,False,False,False,False,True,False,False,Internet d'un ami,False,True,True,False,,justificatif_demo.pdf,,,Universite de demonstration,première année de licence,Aide financière / bourse fondée sur les besoins,,False,False,False,False,False,True,4,l'apprentissage automatique,J'aimerais apprendre l'apprentissage automatique pour accompagner les petites entreprises de ma ville.,J'aimerais decouvrir l'apprentissage automatique pour accompagner les petites entreprises de ma ville. Je veux maitriser SQL afin de poursuivre mes etudes dans ce domaine.,J'ai monte un petit club informatique dans mon quartier,1-2 heures/semaine,Peut-être,demo0049,28.9,Congo
DEMO1050,R2050,2026-01-13,Homme,False,False,False,False,False,True,False,False,Mon propre Internet,True,False,True,False,,justificatif_demo.pdf,,Organisation de demonstration,Universite de demonstration,Deuxième année de licence,Aucun de ces types d'aide,,False,False,False,False,False,False,2,"les statistiques, les bases de donnees",J'aimerais apprendre Power BI pour changer de metier.,Mon objectif est de approfondir les statistiques afin de poursuivre mes etudes dans ce domaine. Je veux apprendre les statistiques pour changer de metier.,J'ai repris mes etudes apres deux ans d'interruption,3-5 heures/semaine,Non,demo0050,19.8,Senegal
DEMO1051,R2051,2026-01-10,Femme,True,True,True,False,False,False,False,False,Wi-Fi public/école,False,False,False,False,,,,,Universite de demonstration,Deuxième année de licence,Aide financière / bourse fondée sur les besoins,Aucune aide,False,False,False,False,False,True,2,"les bases de donnees, SQL, les statistiques, l'apprentissage automatique",Je veux maitriser SQL pour aider mon organisation a mieux decider. J'aimerais consolider l'apprentissage automatique pour aider mon organisation a mieux decider.,Mon objectif est de consolider Python afin de trouver un emploi dans la donnee. Mon objectif est de approfondir les bases de donnees pour aider mon organisation a mieux decider. Je veux decouvrir les statistiques pour aider mon organisation a mieux decider.,J'ai finance mes etudes en travaillant le soir J'ai repris mes etudes apres deux ans d'interruption,>5 heures/semaine,Oui,demo0051,21.6,Senegal
DEMO1052,R2052,2026-01-14,Homme,False,False,False,False,False,True,False,False,Mon propre Internet,False,True,False,False,,,,,Universite de demonstration,Deuxième année de licence,Bourse au mérite,,False,False,True,False,False,False,2,"les statistiques, l'analyse de donnees",Je veux approfondir Python afin de poursuivre mes etudes dans ce domaine. J'aimerais approfondir les bases de donnees pour accompagner les petites entreprises de ma ville.,J'aimerais maitriser l'apprentissage automatique pour aider mon organisation a mieux decider. Mon objectif est de maitriser l'apprentissage automatique pour changer de metier. Je veux decouvrir les bases de donnees parce que mon pays manque de competences techniques.,J'ai monte un petit club informatique dans mon quartier J'ai repris mes etudes apres deux ans d'interruption,3-5 heures/semaine,Non,demo0052,19.1,Maroc
DEMO1053,R2053,2026-01-27,Homme,True,True,True,False,False,False,False,False,Données mobiles,True,False,False,False,,,,,Universite de demonstration,Troisième année de licence,Bourse au mérite,,False,False,False,False,True,True,3,"Power BI, l'analyse de donnees",Je souhaite maitriser l'apprentissage automatique afin de poursuivre mes etudes dans ce domaine. Je souhaite maitriser Python pour changer de metier. Je souhaite consolider les statistiques afin de poursuivre mes etudes dans ce domaine.,Mon objectif est de apprendre l'apprentissage automatique pour aider mon organisation a mieux decider. Je souhaite approfondir Python afin de trouver un emploi dans la donnee. J'aimerais approfondir Python afin de poursuivre mes etudes dans ce domaine. Je veux decouvrir les statistiques afin de trouver un emploi dans la donnee.,J'ai finance mes etudes en travaillant le soir Je partage une connexion avec cinq personnes J'ai du quitter ma region pour continuer a etudier,1-2 heures/semaine,Non,demo0053,23.4,Congo
DEMO1054,R2054,2026-01-10,Homme,True,False,False,False,True,False,False,False,Wi-Fi public/école,True,True,True,False,,justificatif_demo.pdf,,,Universite de demonstration,Deuxième année de licence,Aide financière / bourse fondée sur les besoins,,False,False,True,False,False,True,3,"les bases de donnees, l'analyse de donnees, Python",J'aimerais consolider les bases de donnees pour accompagner les petites entreprises de ma ville. J'aimerais approfondir Power BI afin de trouver un emploi dans la donnee.,J'aimerais apprendre les bases de donnees pour changer de metier. J'aimerais maitriser l'apprentissage automatique parce que mon pays manque de competences techniques. Je souhaite apprendre la visualisation de donnees pour changer de metier.,J'ai finance mes etudes en travaillant le soir J'ai monte un petit club informatique dans mon quartier,3-5 heures/semaine,Non,demo0054,30.4,Maroc
DEMO1055,R2055,2026-01-15,Homme,True,False,False,False,False,True,False,False,Wi-Fi public/école,False,False,True,False,certificat_demo.pdf,,,,Universite de demonstration,Étudiant diplômé,Aucun de ces types d'aide,,False,False,False,False,False,False,3,"Python, la visualisation de donnees",Je souhaite approfondir l'analyse de donnees afin de trouver un emploi dans la donnee. Mon objectif est de approfondir l'apprentissage automatique pour aider mon organisation a mieux decider.,Je veux approfondir Power BI parce que mon pays manque de competences techniques. Mon objectif est de consolider la visualisation de donnees parce que mon pays manque de competences techniques. J'aimerais maitriser Power BI pour aider mon organisation a mieux decider.,J'ai finance mes etudes en travaillant le soir J'ai repris mes etudes apres deux ans d'interruption,1-2 heures/semaine,Peut-être,demo0055,32.0,Senegal
DEMO1056,R2056,2026-01-24,Homme,True,False,False,False,False,True,False,False,Données mobiles,True,False,False,False,certificat_demo.pdf,justificatif_demo.pdf,,,Universite de demonstration,Étudiant diplômé,Aucun de ces types d'aide,,False,False,True,False,False,True,2,"les statistiques, Python, Power BI, SQL",Mon objectif est de apprendre Python afin de trouver un emploi dans la donnee.,Mon objectif est de consolider l'analyse de donnees afin de poursuivre mes etudes dans ce domaine. Je souhaite apprendre Python pour aider mon organisation a mieux decider.,J'ai finance mes etudes en travaillant le soir,1-2 heures/semaine,Oui,demo0056,33.3,Cote d Ivoire
DEMO1057,R2057,2026-01-27,Homme,False,False,False,False,False,True,False,False,Mon propre Internet,True,False,False,False,,justificatif_demo.pdf,Enseignant,Organisation de demonstration,Universite de demonstration,Étudiant diplômé,Aucun de ces types d'aide,,False,False,False,True,False,False,3,"les statistiques, les bases de donnees, l'apprentissage automatique",J'aimerais decouvrir l'analyse de donnees pour aider mon organisation a mieux decider. Je veux decouvrir la visualisation de donnees parce que mon pays manque de competences techniques.,Je veux decouvrir la visualisation de donnees afin de poursuivre mes etudes dans ce domaine. Je souhaite maitriser Power BI afin de poursuivre mes etudes dans ce domaine. Je veux maitriser l'apprentissage automatique afin de poursuivre mes etudes dans ce domaine.,J'ai finance mes etudes en travaillant le soir J'ai du quitter ma region pour continuer a etudier,1-2 heures/semaine,Oui,demo0057,24.5,RDC
DEMO1058,R2058,2026-01-20,Femme,False,False,True,False,False,True,False,False,Données mobiles,True,False,False,False,,,,,Universite de demonstration,Ancien élève/non inscrit,Bourse au mérite,Aucune aide,False,False,False,False,False,False,4,"les bases de donnees, Power BI, SQL",Mon objectif est de apprendre les statistiques pour accompagner les petites entreprises de ma ville. Mon objectif est de consolider la visualisation de donnees pour aider mon organisation a mieux decider.,Mon objectif est de maitriser la visualisation de donnees afin de poursuivre mes etudes dans ce domaine. Je veux maitriser Python pour aider mon organisation a mieux decider. Je veux approfondir l'analyse de donnees pour changer de metier.,"Je partage une connexion avec cinq personnes J'ai appris a programmer seul, sans ordinateur personnel",3-5 heures/semaine,Peut-être,demo0058,19.6,Burkina Faso
DEMO1059,R2059,2026-01-24,Homme,False,False,False,False,False,True,False,False,Mon propre Internet,False,True,False,False,,justificatif_demo.pdf,Enseignant,,Universite de demonstration,Deuxième année de licence,Aucun de ces types d'aide,,True,False,False,False,False,False,2,"Power BI, l'analyse de donnees",Je veux apprendre les bases de donnees pour changer de metier. Mon objectif est de maitriser l'analyse de donnees pour aider mon organisation a mieux decider. J'aimerais apprendre les bases de donnees parce que mon pays manque de competences techniques.,J'aimerais apprendre Power BI parce que mon pays manque de competences techniques. Je veux consolider Power BI pour aider mon organisation a mieux decider. Mon objectif est de decouvrir la visualisation de donnees pour accompagner les petites entreprises de ma ville. Mon objectif est de consolider les statistiques pour changer de metier.,"J'ai du quitter ma region pour continuer a etudier J'ai appris a programmer seul, sans ordinateur personnel J'ai repris mes etudes apres deux ans d'interruption",1-2 heures/semaine,Oui,demo0059,30.1,Cameroun
